-- ============================================================
-- CS-4347 Airport Management System
-- seed.sql  -- Sample data for testing
-- ============================================================

PRAGMA foreign_keys = ON;

-- Airports
INSERT OR IGNORE INTO AIRPORT VALUES ('DFW','Dallas','TX','Dallas/Fort Worth International');
INSERT OR IGNORE INTO AIRPORT VALUES ('SFO','San Francisco','CA','San Francisco International');
INSERT OR IGNORE INTO AIRPORT VALUES ('LAX','Los Angeles','CA','Los Angeles International');
INSERT OR IGNORE INTO AIRPORT VALUES ('ORD','Chicago','IL','OHare International');
INSERT OR IGNORE INTO AIRPORT VALUES ('ATL','Atlanta','GA','Hartsfield-Jackson Atlanta International');
INSERT OR IGNORE INTO AIRPORT VALUES ('JFK','New York','NY','John F. Kennedy International');

-- Airplane types
INSERT OR IGNORE INTO AIRPLANE_TYPE VALUES ('Boeing 737','Boeing',150);
INSERT OR IGNORE INTO AIRPLANE_TYPE VALUES ('Boeing 777','Boeing',300);
INSERT OR IGNORE INTO AIRPLANE_TYPE VALUES ('Airbus A320','Airbus',180);

-- Airplanes (registration numbers as IDs)
INSERT OR IGNORE INTO AIRPLANE VALUES ('N12345',150,'Boeing 737');
INSERT OR IGNORE INTO AIRPLANE VALUES ('N67890',300,'Boeing 777');
INSERT OR IGNORE INTO AIRPLANE VALUES ('N11111',180,'Airbus A320');
INSERT OR IGNORE INTO AIRPLANE VALUES ('N22222',150,'Boeing 737');

-- Physical seats for N12345 (Boeing 737, 150 seats)
-- We'll add a representative sample; your team can script the rest
INSERT OR IGNORE INTO PHYSICAL_PLANE_SEAT VALUES ('N12345','1A','First');
INSERT OR IGNORE INTO PHYSICAL_PLANE_SEAT VALUES ('N12345','1B','First');
INSERT OR IGNORE INTO PHYSICAL_PLANE_SEAT VALUES ('N12345','10A','Economy');
INSERT OR IGNORE INTO PHYSICAL_PLANE_SEAT VALUES ('N12345','10B','Economy');
INSERT OR IGNORE INTO PHYSICAL_PLANE_SEAT VALUES ('N12345','10C','Economy');

-- Can-land permissions
INSERT OR IGNORE INTO CAN_LAND VALUES ('DFW','Boeing 737');
INSERT OR IGNORE INTO CAN_LAND VALUES ('DFW','Boeing 777');
INSERT OR IGNORE INTO CAN_LAND VALUES ('DFW','Airbus A320');
INSERT OR IGNORE INTO CAN_LAND VALUES ('SFO','Boeing 737');
INSERT OR IGNORE INTO CAN_LAND VALUES ('SFO','Boeing 777');
INSERT OR IGNORE INTO CAN_LAND VALUES ('SFO','Airbus A320');
INSERT OR IGNORE INTO CAN_LAND VALUES ('LAX','Boeing 737');
INSERT OR IGNORE INTO CAN_LAND VALUES ('LAX','Boeing 777');
INSERT OR IGNORE INTO CAN_LAND VALUES ('LAX','Airbus A320');
INSERT OR IGNORE INTO CAN_LAND VALUES ('ORD','Boeing 777');
INSERT OR IGNORE INTO CAN_LAND VALUES ('ATL','Boeing 737');
INSERT OR IGNORE INTO CAN_LAND VALUES ('JFK','Boeing 777');

-- Flights
INSERT OR IGNORE INTO FLIGHT VALUES ('AA3478','American Airlines','Daily');
INSERT OR IGNORE INTO FLIGHT VALUES ('AA1001','American Airlines','Mon,Wed,Fri');
INSERT OR IGNORE INTO FLIGHT VALUES ('UA500', 'United Airlines','Daily');
INSERT OR IGNORE INTO FLIGHT VALUES ('UA501', 'United Airlines','Daily');

-- Flight legs
-- AA3478: DFW -> SFO (direct)
INSERT OR IGNORE INTO FLIGHT_LEG VALUES ('AA3478',1,'DFW','SFO','08:00','10:30');
-- AA1001: DFW -> LAX (direct)
INSERT OR IGNORE INTO FLIGHT_LEG VALUES ('AA1001',1,'DFW','LAX','09:00','10:45');
-- UA500: DFW -> ORD (leg 1 of connecting route to JFK)
INSERT OR IGNORE INTO FLIGHT_LEG VALUES ('UA500',1,'DFW','ORD','07:00','10:00');
-- UA501: ORD -> JFK (leg 2)
INSERT OR IGNORE INTO FLIGHT_LEG VALUES ('UA501',1,'ORD','JFK','11:00','13:30');

-- Fares
INSERT OR IGNORE INTO FARE VALUES ('ECON','AA3478',299.00,'14-day advance purchase');
INSERT OR IGNORE INTO FARE VALUES ('BIZ', 'AA3478',799.00,NULL);
INSERT OR IGNORE INTO FARE VALUES ('ECON','AA1001',199.00,'Non-refundable');
INSERT OR IGNORE INTO FARE VALUES ('ECON','UA500', 249.00,'Non-refundable');
INSERT OR IGNORE INTO FARE VALUES ('ECON','UA501', 149.00,'Non-refundable');

-- Leg instances (specific dated flights)
INSERT OR IGNORE INTO LEG_INSTANCE VALUES ('AA3478',1,'2025-08-01',140,'N12345');
INSERT OR IGNORE INTO LEG_INSTANCE VALUES ('AA3478',1,'2025-08-02',148,'N12345');
INSERT OR IGNORE INTO LEG_INSTANCE VALUES ('AA1001',1,'2025-08-01',175,'N11111');
INSERT OR IGNORE INTO LEG_INSTANCE VALUES ('UA500', 1,'2025-08-01',290,'N67890');
INSERT OR IGNORE INTO LEG_INSTANCE VALUES ('UA501', 1,'2025-08-01',295,'N67890');

<<<<<<< HEAD
-- Seat reservations (SEAT table: Seat_no, Flight_Number, Leg_no, Seat_Date, Customer_name, Cphone, Customer_id)
INSERT OR IGNORE INTO SEAT VALUES ('10A','AA3478',1,'2025-08-01','Alice Smith','214-555-0101','P1001');
INSERT OR IGNORE INTO SEAT VALUES ('10B','AA3478',1,'2025-08-01','Bob Jones','214-555-0202','P1002');
INSERT OR IGNORE INTO SEAT VALUES ('1A', 'AA3478',1,'2025-08-01','Carol White','469-555-0303','P1003');
-- Bob Jones also on the UA500/UA501 connection (DFW->ORD->JFK)
INSERT OR IGNORE INTO SEAT VALUES ('10A','UA500',1,'2025-08-01','Bob Jones','214-555-0202','P1002');
INSERT OR IGNORE INTO SEAT VALUES ('10A','UA501',1,'2025-08-01','Bob Jones','214-555-0202','P1002');
=======
-- Seat reservations (SEAT table)
INSERT OR IGNORE INTO SEAT VALUES ('10A','AA3478',1,'2025-08-01','Alice Smith','214-555-0101');
INSERT OR IGNORE INTO SEAT VALUES ('10B','AA3478',1,'2025-08-01','Bob Jones','214-555-0202');
INSERT OR IGNORE INTO SEAT VALUES ('1A', 'AA3478',1,'2025-08-01','Carol White','469-555-0303');
-- Bob Jones also on the UA500/UA501 connection (DFW->ORD->JFK)
INSERT OR IGNORE INTO SEAT VALUES ('10A','UA500',1,'2025-08-01','Bob Jones','214-555-0202');
INSERT OR IGNORE INTO SEAT VALUES ('10A','UA501',1,'2025-08-01','Bob Jones','214-555-0202');
>>>>>>> 5beb8ff18c4b0f299bb7d38fafd1ff805fbff25a
